"Region","Position","Genes","Markers","Diseases"
"CEL 1p36.32","chr1:2431888-2879054","TNFRSF14 TTC34 MMEL1 FAM213B","rs3748816 rs4445406","CELMSPSC"
"CEL 1q32.1","chr1:200893429-201069559","C1orf106","rs296547 rs10800746","ASCELCROMSIBD"
"CEL 1q31.2","chr1:192500477-192579099","RGS1","rs2816316 rs1359062","CELMS"
"CEL 1p36.11","chr1:24901186-24981785","RUNX3","rs10903122","ASCEL"
"CEL 1q24.3","chr1:172681545-172972573","FASLG","rs12142280 rs12068671","CEL"
"CEL 2q32.3","chr2:190963960-191109606","STAT4","rs6715106","CEL"
"CEL 2p16.1","chr2:60701232-61642429","REL AHSA2 PUS10","rs13003464","CELUCIBD"
"CEL 2p14","chr2:68309121-68455124","PLEK","rs17035378","CEL"
"CEL 2q33.2","chr2:203581104-203952558","CD28 ICOS CTLA4","rs4675374 rs1980422","CELRA"
"CEL 2q12.1","chr2:102238781-102651983","IL18RAP IL1RL1 IL1RL2 IL18R1","rs917997 rs990171","CELCROIBD"
"CEL 2q31.3","chr2:180933651-181404099","ITGA4 UBE2E3","rs1018326 rs13010713","CEL"
"CEL 3q25.33","chr3:159760209-160002484","IL12A","rs76830965 rs17810546 rs1353248","CEL"
"CEL 3q28","chr3:188351572-188422865","LPP","rs1464510 rs2030519","CELVIT"
"CEL 3q13.33","chr3:119383611-119581808","CD80 ARHGAP31 POGLUT1","rs11712165 rs61579022","CEL"
"CEL 3p22.3","chr3:32872212-33057492","CCR4","rs13314993","CEL"
"CEL 3p21.31","chr3:45866656-46585099","CCR2 CCR3 CCRL2 CCR9 CCR1 CCR5","rs7616215 rs13098911 rs2097282","CEL"
"CEL 4q27","chr4:122017479-122691355","KIAA1109 IL21 ADAD1 IL2","rs13132308 rs13151961","CELUC"
"CEL 6q15","chr6:90097116-90316707","BACH2 MAP3K7","rs10806425 rs7753008","CELT1D"
"CEL MHC","chr6:32414162-32714887","HLA-DQA1 HLA-DQA2 HLA-DQB1","rs2187668","ASATDCELCROPSOIBD"
"CEL 6q25.3","chr6:158897742-159120449","TAGAP","rs182429 rs1738074","CELCROMST1D"
"CEL 6p25.3","chr6:380341-467414","IRF4","rs1050976","CEL"
"CEL 6q23.3","chr6:137552553-137806067","TNFAIP3","rs2327832 rs17264332","CELRA"
"CEL 6q22.33","chr6:127633469-128020756","THEMIS PTPRK","rs55743914 rs802734","CELMS"
"CEL 7p14.1","chr7:37318708-37400850","ELMO1","rs79758729 rs6974491","CELRA"
"CEL 8q24.21","chr8:128130288-128286991","","rs9792269","CEL"
"CEL 10p15.1","chr10:6346109-6394072","","rs2387397","CEL"
"CEL 10q22.3","chr10:79256182-79313071","ZMIZ1","rs1250552","CELCRO"
"CEL 11q23.3","chr11:118444134-118902495","","rs10892258","CEL"
"CEL 11q24.3","chr11:128468236-128555989","ETS1","rs61907765 rs11221332","CEL"
"CEL 11q23.1","chr11:111306494-111439834","POU2AF1 COLCA2","rs7104791","CEL"
"CEL 12q24.12","chr12:111278572-112592683","SH2B3 ATXN2","rs3184504 rs653178","CELCROJIAPBCRAT1DAAPSCVIT"
"CEL 14q24.1","chr14:68696393-68851345","ZFP36L1","rs11851414","CEL"
"CEL 15q24.1","chr15:74319440-75160834","CSK CLK3","rs1378938","CEL"
"CEL 15q25.1","chr15:78728401-78968794","CTSH","rs34593439","CELT1DNAR"
"CEL 16p13.13","chr16:10830201-10902542","CIITA","rs6498114","CEL"
"CEL 16p13.13","chr16:11213167-11383900","CLEC16A SOCS1 CIITA","rs12928822","CELCROMSIBD"
"CEL 18p11.21","chr18:12738414-12926279","PTPN2","rs1893217 rs11875687","CELCROT1DUCIBD"
"CEL 21q22.3","chr21:42389975-42471211","UBASH3A","rs1893592","CELRA"
"CEL 21q22.3","chr21:44177696-44284761","ICOSLG CH507-9B2.1","rs4819388","CEL"
"CEL 22q11.21","chr22:21454896-21649639","YDJC UBE2L3","rs4821124","CELCROPSO"
"CEL Xq28","chrX:153853745-154120938","IRAK1 HCFC1","rs13397","CELRA"
